User Key,System Info,Timestamp,IP Address,User Location
27f66c23ee6177429c3f4032d87d4aa37298e495bd79a83810df2735ddcb1ced,74:a6:cd:e5:52:0e-Apple M2,2024-07-29 22:50:55,172.30.1.3,"Anyang-si, KR"
27f66c23ee6177429c3f4032d87d4aa37298e495bd79a83810df2735ddcb1ced,74:a6:cd:e5:52:0e-Apple M2,2024-07-29 22:50:57,172.30.1.3,"Anyang-si, KR"
27f66c23ee6177429c3f4032d87d4aa37298e495bd79a83810df2735ddcb1ced,74:a6:cd:e5:52:0e-Apple M2,2024-07-29 22:54:01,172.30.1.3,"Anyang-si, KR"
27f66c23ee6177429c3f4032d87d4aa37298e495bd79a83810df2735ddcb1ced,74:a6:cd:e5:52:0e-Apple M2,2024-07-29 22:54:18,172.30.1.3,"Anyang-si, KR"
27f66c23ee6177429c3f4032d87d4aa37298e495bd79a83810df2735ddcb1ced,74:a6:cd:e5:52:0e-Apple M2,2024-07-29 22:54:19,172.30.1.3,"Anyang-si, KR"
27f66c23ee6177429c3f4032d87d4aa37298e495bd79a83810df2735ddcb1ced,74:a6:cd:e5:52:0e-Apple M2,2024-07-29 23:09:43,172.30.1.3,"Anyang-si, KR"
27f66c23ee6177429c3f4032d87d4aa37298e495bd79a83810df2735ddcb1ced,74:a6:cd:e5:52:0e-Apple M2,2024-07-29 23:10:42,172.30.1.3,"Anyang-si, KR"
27f66c23ee6177429c3f4032d87d4aa37298e495bd79a83810df2735ddcb1ced,74:a6:cd:e5:52:0e-Apple M2,2024-07-29 23:12:42,172.30.1.3,"Anyang-si, KR"
27f66c23ee6177429c3f4032d87d4aa37298e495bd79a83810df2735ddcb1ced,74:a6:cd:e5:52:0e-Apple M2,2024-07-29 23:13:11,172.30.1.3,"Anyang-si, KR"
27f66c23ee6177429c3f4032d87d4aa37298e495bd79a83810df2735ddcb1ced,74:a6:cd:e5:52:0e-Apple M2,2024-07-29 23:19:57,127.0.0.1,"Anyang-si, KR"
27f66c23ee6177429c3f4032d87d4aa37298e495bd79a83810df2735ddcb1ced,74:a6:cd:e5:52:0e-Apple M2,2024-07-29 23:22:49,127.0.0.1,"Anyang-si, KR"
27f66c23ee6177429c3f4032d87d4aa37298e495bd79a83810df2735ddcb1ced,74:a6:cd:e5:52:0e-Apple M2,2024-07-29 23:23:08,127.0.0.1,"Anyang-si, KR"
27f66c23ee6177429c3f4032d87d4aa37298e495bd79a83810df2735ddcb1ced,74:a6:cd:e5:52:0e-Apple M2,2024-07-29 23:23:13,127.0.0.1,"Anyang-si, KR"
27f66c23ee6177429c3f4032d87d4aa37298e495bd79a83810df2735ddcb1ced,74:a6:cd:e5:52:0e-Apple M2,2024-07-29 23:23:13,127.0.0.1,"Anyang-si, KR"
